1,voluptate,34,123424
2,non,25,126525
3,rem,42,683426
4,assumenda,21,109827
5,iste,90,789228
6,repudiandae,77,234429
7,illo,23,123430
8,debitis,11,156531
9,sint,76,167532
10,maiores,23,899433
11,sequi,40,670434
12,nulla,43,300435
13,maiores,40,123099
14,ut,25,189237
15,dicta,87,903438
16,ducimus,32,167039
17,adipisci,91,900440
18,facere,28,902241
19,odio,38,802442
20,ea,66,245443
21,possimus,38,109844
22,rerum,23,203445
23,iure,74,190046
24,incidunt,23,300047
25,nihil,39,900048
26,voluptatibus,31,800249
27,enim,28,500450
28,hic,41,993451
29,ut,45,998452
30,natus,67,922153
31,ut,79,199054
32,fugit,23,922155
33,vero,45,880456
34,excepturi,60,177027
35,qui,65,999458
36,sed,28,999159
37,non,47,880460
38,repudiandae,43,990461
39,quia,34,889922
40,laboriosam,35,990463
41,iure,56,123904
42,est,89,199065
43,et,30,199066
44,iure,23,199017
45,voluptatum,98,992298
46,aut,46,998829
47,enim,56,780965
48,sequi,24,387911
49,neque,36,778022
50,optio,58,440022
51,eos,77,668333
52,labore,78,220112
53,ducimus,20,778112
54,et,37,661188
55,nostrum,48,778112
56,at,44,889922
57,optio,30,889123
58,soluta,29,910011
59,consequatur,50,778855
60,et,30,127891
61,qui,60,876943
62,tenetur,34,991123
63,ab,65,762391
64,est,36,389632
65,tempora,34,667723
66,consequuntur,34,788323
67,praesentium,78,893223
68,assumenda,40,782342
69,nobis,36,348913
70,est,68,894232
71,voluptatem,22,784342
72,quia,26,783212
73,odit,89,784240
74,quam,30,278043
75,pariatur,34,678421
76,aut,34,367913
77,vel,92,674313
78,porro,76,233573
79,odio,88,345456
80,eos,32,789521
81,magnam,38,345625
82,omnis,57,678092
83,eos,21,783452
84,aut,64,457291
85,incidunt,25,678244
86,nesciunt,56,346624
87,aut,54,567242
88,eligendi,41,456894
89,ex,41,345632
90,cupiditate,56,456321
91,provident,73,875234
92,aliquid,20,345624
93,earum,37,875134
94,ut,71,675321
95,doloremque,34,762344
96,quis,42,239012
97,rerum,29,789421
98,eum,33,670234
99,aliquid,53,672413
100,et,28,679123
